id	binary label	label	image path
0	Not horse	cow	JPEGImages/2008_000335.jpg
1	Not horse	cow	JPEGImages/2008_000335.jpg
2	Not horse	cow	JPEGImages/2008_000335.jpg
3	Not horse	cow	JPEGImages/2008_000335.jpg
4	Not horse	cow	JPEGImages/2008_000711.jpg
5	Not horse	cow	JPEGImages/2008_000711.jpg
6	Not horse	cow	JPEGImages/2008_000711.jpg
7	Not horse	cow	JPEGImages/2008_000711.jpg
8	Not horse	cow	JPEGImages/2008_000905.jpg
9	Not horse	cow	JPEGImages/2008_001359.jpg
10	Not horse	cow	JPEGImages/2008_001653.jpg
11	Not horse	cow	JPEGImages/2008_001653.jpg
12	Not horse	cow	JPEGImages/2008_001653.jpg
13	Not horse	cow	JPEGImages/2008_001653.jpg
14	Not horse	cow	JPEGImages/2008_001653.jpg
15	Not horse	cow	JPEGImages/2008_001653.jpg
16	Not horse	cow	JPEGImages/2008_001653.jpg
17	Not horse	cow	JPEGImages/2008_001653.jpg
18	Not horse	cow	JPEGImages/2008_002270.jpg
19	Not horse	cow	JPEGImages/2008_002270.jpg
20	Not horse	cow	JPEGImages/2008_002278.jpg
21	Not horse	cow	JPEGImages/2008_002278.jpg
22	Not horse	cow	JPEGImages/2008_002278.jpg
23	Not horse	cow	JPEGImages/2008_002278.jpg
24	Not horse	cow	JPEGImages/2008_002278.jpg
25	Not horse	cow	JPEGImages/2008_002686.jpg
26	Not horse	cow	JPEGImages/2008_002686.jpg
27	Not horse	cow	JPEGImages/2008_002686.jpg
28	Not horse	cow	JPEGImages/2008_003065.jpg
29	Not horse	cow	JPEGImages/2008_003094.jpg
30	Not horse	cow	JPEGImages/2008_003094.jpg
31	Not horse	cow	JPEGImages/2008_003094.jpg
32	Not horse	cow	JPEGImages/2008_003297.jpg
33	Not horse	cow	JPEGImages/2008_003297.jpg
34	Not horse	cow	JPEGImages/2008_004450.jpg
35	Not horse	cow	JPEGImages/2008_004827.jpg
36	Not horse	cow	JPEGImages/2008_004841.jpg
37	Not horse	cow	JPEGImages/2008_005375.jpg
38	Not horse	cow	JPEGImages/2008_005375.jpg
39	Not horse	cow	JPEGImages/2008_005714.jpg
40	Not horse	cow	JPEGImages/2008_006210.jpg
41	Not horse	cow	JPEGImages/2008_006210.jpg
42	Not horse	cow	JPEGImages/2008_006355.jpg
43	Not horse	cow	JPEGImages/2008_006496.jpg
44	Not horse	cow	JPEGImages/2008_006496.jpg
45	Not horse	cow	JPEGImages/2008_006827.jpg
46	Not horse	cow	JPEGImages/2008_006827.jpg
47	Not horse	cow	JPEGImages/2008_006827.jpg
48	Not horse	cow	JPEGImages/2008_006827.jpg
49	Not horse	cow	JPEGImages/2008_006827.jpg
50	Not horse	cow	JPEGImages/2008_006827.jpg
51	Not horse	cow	JPEGImages/2008_007009.jpg
52	Not horse	cow	JPEGImages/2008_007009.jpg
53	Not horse	cow	JPEGImages/2008_007009.jpg
54	Not horse	cow	JPEGImages/2008_007014.jpg
55	Not horse	cow	JPEGImages/2008_007026.jpg
56	Not horse	cow	JPEGImages/2008_007026.jpg
57	Not horse	cow	JPEGImages/2008_007026.jpg
58	Not horse	cow	JPEGImages/2008_007544.jpg
59	Not horse	cow	JPEGImages/2008_007544.jpg
60	Not horse	cow	JPEGImages/2008_007556.jpg
61	Not horse	cow	JPEGImages/2008_007556.jpg
62	Not horse	cow	JPEGImages/2008_007556.jpg
63	Not horse	cow	JPEGImages/2008_007556.jpg
64	Not horse	cow	JPEGImages/2008_007556.jpg
65	Not horse	cow	JPEGImages/2008_007666.jpg
66	Not horse	cow	JPEGImages/2008_007666.jpg
67	Not horse	cow	JPEGImages/2008_007666.jpg
68	Not horse	cow	JPEGImages/2008_007666.jpg
69	Not horse	cow	JPEGImages/2008_007666.jpg
70	Not horse	cow	JPEGImages/2008_007666.jpg
71	Not horse	cow	JPEGImages/2008_007666.jpg
72	Not horse	cow	JPEGImages/2008_007666.jpg
73	Not horse	cow	JPEGImages/2008_008121.jpg
74	Not horse	cow	JPEGImages/2008_008132.jpg
75	Not horse	cow	JPEGImages/2008_008169.jpg
76	Not horse	cow	JPEGImages/2008_008199.jpg
77	Not horse	cow	JPEGImages/2008_008199.jpg
78	Not horse	cow	JPEGImages/2008_008199.jpg
79	Not horse	cow	JPEGImages/2008_008370.jpg
80	Not horse	cow	JPEGImages/2008_008370.jpg
81	Not horse	cow	JPEGImages/2008_008370.jpg
82	Not horse	cow	JPEGImages/2008_008428.jpg
83	Not horse	cow	JPEGImages/2008_008482.jpg
84	Not horse	cow	JPEGImages/2008_008521.jpg
85	Not horse	cow	JPEGImages/2008_008521.jpg
86	Not horse	cow	JPEGImages/2008_008521.jpg
87	Not horse	cow	JPEGImages/2008_008521.jpg
88	Not horse	cow	JPEGImages/2008_008521.jpg
89	Not horse	cow	JPEGImages/2008_008521.jpg
90	Not horse	cow	JPEGImages/2008_008521.jpg
91	Not horse	cow	JPEGImages/2008_008521.jpg
92	Not horse	cow	JPEGImages/2008_008521.jpg
93	Not horse	cow	JPEGImages/2008_008541.jpg
94	Not horse	cow	JPEGImages/2008_008635.jpg
95	Not horse	cow	JPEGImages/2008_008635.jpg
96	Not horse	cow	JPEGImages/2008_008635.jpg
97	Not horse	cow	JPEGImages/2008_008635.jpg
98	Not horse	cow	JPEGImages/2008_008635.jpg
99	Not horse	cow	JPEGImages/2008_008635.jpg
100	Horse	horse	JPEGImages/2008_000008.jpg
101	Horse	horse	JPEGImages/2008_000141.jpg
102	Horse	horse	JPEGImages/2008_000142.jpg
103	Horse	horse	JPEGImages/2008_000371.jpg
104	Horse	horse	JPEGImages/2008_000371.jpg
105	Horse	horse	JPEGImages/2008_000428.jpg
106	Horse	horse	JPEGImages/2008_000499.jpg
107	Horse	horse	JPEGImages/2008_000552.jpg
108	Horse	horse	JPEGImages/2008_000696.jpg
109	Horse	horse	JPEGImages/2008_000912.jpg
110	Horse	horse	JPEGImages/2008_000912.jpg
111	Horse	horse	JPEGImages/2008_001031.jpg
112	Horse	horse	JPEGImages/2008_001112.jpg
113	Horse	horse	JPEGImages/2008_001171.jpg
114	Horse	horse	JPEGImages/2008_001235.jpg
115	Horse	horse	JPEGImages/2008_001278.jpg
116	Horse	horse	JPEGImages/2008_001382.jpg
117	Horse	horse	JPEGImages/2008_001464.jpg
118	Horse	horse	JPEGImages/2008_001645.jpg
119	Horse	horse	JPEGImages/2008_001729.jpg
120	Horse	horse	JPEGImages/2008_002338.jpg
121	Horse	horse	JPEGImages/2008_002338.jpg
122	Horse	horse	JPEGImages/2008_002411.jpg
123	Horse	horse	JPEGImages/2008_002411.jpg
124	Horse	horse	JPEGImages/2008_002459.jpg
125	Horse	horse	JPEGImages/2008_002459.jpg
126	Horse	horse	JPEGImages/2008_002665.jpg
127	Horse	horse	JPEGImages/2008_002666.jpg
128	Horse	horse	JPEGImages/2008_002686.jpg
129	Horse	horse	JPEGImages/2008_002697.jpg
130	Horse	horse	JPEGImages/2008_002762.jpg
131	Horse	horse	JPEGImages/2008_002866.jpg
132	Horse	horse	JPEGImages/2008_002993.jpg
133	Horse	horse	JPEGImages/2008_003018.jpg
134	Horse	horse	JPEGImages/2008_003043.jpg
135	Horse	horse	JPEGImages/2008_003043.jpg
136	Horse	horse	JPEGImages/2008_003182.jpg
137	Horse	horse	JPEGImages/2008_003242.jpg
138	Horse	horse	JPEGImages/2008_003272.jpg
139	Horse	horse	JPEGImages/2008_003272.jpg
140	Horse	horse	JPEGImages/2008_003283.jpg
141	Horse	horse	JPEGImages/2008_003380.jpg
142	Horse	horse	JPEGImages/2008_003447.jpg
143	Horse	horse	JPEGImages/2008_003596.jpg
144	Horse	horse	JPEGImages/2008_003677.jpg
145	Horse	horse	JPEGImages/2008_003802.jpg
146	Horse	horse	JPEGImages/2008_003802.jpg
147	Horse	horse	JPEGImages/2008_003802.jpg
148	Horse	horse	JPEGImages/2008_004195.jpg
149	Horse	horse	JPEGImages/2008_004430.jpg
150	Horse	horse	JPEGImages/2008_004539.jpg
151	Horse	horse	JPEGImages/2008_004539.jpg
152	Horse	horse	JPEGImages/2008_004545.jpg
153	Horse	horse	JPEGImages/2008_004545.jpg
154	Horse	horse	JPEGImages/2008_004545.jpg
155	Horse	horse	JPEGImages/2008_004545.jpg
156	Horse	horse	JPEGImages/2008_004545.jpg
157	Horse	horse	JPEGImages/2008_004545.jpg
158	Horse	horse	JPEGImages/2008_004545.jpg
159	Horse	horse	JPEGImages/2008_004545.jpg
160	Horse	horse	JPEGImages/2008_004545.jpg
161	Horse	horse	JPEGImages/2008_004545.jpg
162	Horse	horse	JPEGImages/2008_004545.jpg
163	Horse	horse	JPEGImages/2008_004584.jpg
164	Horse	horse	JPEGImages/2008_004584.jpg
165	Horse	horse	JPEGImages/2008_004649.jpg
166	Horse	horse	JPEGImages/2008_004764.jpg
167	Horse	horse	JPEGImages/2008_004868.jpg
168	Horse	horse	JPEGImages/2008_004892.jpg
169	Horse	horse	JPEGImages/2008_004892.jpg
170	Horse	horse	JPEGImages/2008_004892.jpg
171	Horse	horse	JPEGImages/2008_004892.jpg
172	Horse	horse	JPEGImages/2008_004892.jpg
173	Horse	horse	JPEGImages/2008_004892.jpg
174	Horse	horse	JPEGImages/2008_004911.jpg
175	Horse	horse	JPEGImages/2008_005168.jpg
176	Horse	horse	JPEGImages/2008_005365.jpg
177	Horse	horse	JPEGImages/2008_005396.jpg
178	Horse	horse	JPEGImages/2008_005408.jpg
179	Horse	horse	JPEGImages/2008_005473.jpg
180	Horse	horse	JPEGImages/2008_005473.jpg
181	Horse	horse	JPEGImages/2008_005473.jpg
182	Horse	horse	JPEGImages/2008_005473.jpg
183	Horse	horse	JPEGImages/2008_005558.jpg
184	Horse	horse	JPEGImages/2008_005589.jpg
185	Horse	horse	JPEGImages/2008_005668.jpg
186	Horse	horse	JPEGImages/2008_005682.jpg
187	Horse	horse	JPEGImages/2008_005682.jpg
188	Horse	horse	JPEGImages/2008_005682.jpg
189	Horse	horse	JPEGImages/2008_005705.jpg
190	Horse	horse	JPEGImages/2008_005705.jpg
191	Horse	horse	JPEGImages/2008_005791.jpg
192	Horse	horse	JPEGImages/2008_005818.jpg
193	Horse	horse	JPEGImages/2008_005818.jpg
194	Horse	horse	JPEGImages/2008_005818.jpg
195	Horse	horse	JPEGImages/2008_005818.jpg
196	Horse	horse	JPEGImages/2008_005818.jpg
197	Horse	horse	JPEGImages/2008_006096.jpg
198	Horse	horse	JPEGImages/2008_006096.jpg
199	Horse	horse	JPEGImages/2008_006096.jpg
200	Not horse	motorbike	JPEGImages/2008_000109.jpg
201	Not horse	motorbike	JPEGImages/2008_000143.jpg
202	Not horse	motorbike	JPEGImages/2008_000144.jpg
203	Not horse	motorbike	JPEGImages/2008_000237.jpg
204	Not horse	motorbike	JPEGImages/2008_000315.jpg
205	Not horse	motorbike	JPEGImages/2008_000393.jpg
206	Not horse	motorbike	JPEGImages/2008_000393.jpg
207	Not horse	motorbike	JPEGImages/2008_000545.jpg
208	Not horse	motorbike	JPEGImages/2008_000563.jpg
209	Not horse	motorbike	JPEGImages/2008_000583.jpg
210	Not horse	motorbike	JPEGImages/2008_000689.jpg
211	Not horse	motorbike	JPEGImages/2008_000854.jpg
212	Not horse	motorbike	JPEGImages/2008_000981.jpg
213	Not horse	motorbike	JPEGImages/2008_001119.jpg
214	Not horse	motorbike	JPEGImages/2008_001158.jpg
215	Not horse	motorbike	JPEGImages/2008_001158.jpg
216	Not horse	motorbike	JPEGImages/2008_001203.jpg
217	Not horse	motorbike	JPEGImages/2008_001525.jpg
218	Not horse	motorbike	JPEGImages/2008_001525.jpg
219	Not horse	motorbike	JPEGImages/2008_001525.jpg
220	Not horse	motorbike	JPEGImages/2008_001631.jpg
221	Not horse	motorbike	JPEGImages/2008_001643.jpg
222	Not horse	motorbike	JPEGImages/2008_001690.jpg
223	Not horse	motorbike	JPEGImages/2008_001690.jpg
224	Not horse	motorbike	JPEGImages/2008_001691.jpg
225	Not horse	motorbike	JPEGImages/2008_001699.jpg
226	Not horse	motorbike	JPEGImages/2008_002123.jpg
227	Not horse	motorbike	JPEGImages/2008_002123.jpg
228	Not horse	motorbike	JPEGImages/2008_002123.jpg
229	Not horse	motorbike	JPEGImages/2008_002123.jpg
230	Not horse	motorbike	JPEGImages/2008_002202.jpg
231	Not horse	motorbike	JPEGImages/2008_002370.jpg
232	Not horse	motorbike	JPEGImages/2008_002370.jpg
233	Not horse	motorbike	JPEGImages/2008_002370.jpg
234	Not horse	motorbike	JPEGImages/2008_002370.jpg
235	Not horse	motorbike	JPEGImages/2008_002772.jpg
236	Not horse	motorbike	JPEGImages/2008_002774.jpg
237	Not horse	motorbike	JPEGImages/2008_002804.jpg
238	Not horse	motorbike	JPEGImages/2008_002948.jpg
239	Not horse	motorbike	JPEGImages/2008_002955.jpg
240	Not horse	motorbike	JPEGImages/2008_002972.jpg
241	Not horse	motorbike	JPEGImages/2008_003151.jpg
242	Not horse	motorbike	JPEGImages/2008_003269.jpg
243	Not horse	motorbike	JPEGImages/2008_003323.jpg
244	Not horse	motorbike	JPEGImages/2008_003323.jpg
245	Not horse	motorbike	JPEGImages/2008_003394.jpg
246	Not horse	motorbike	JPEGImages/2008_003429.jpg
247	Not horse	motorbike	JPEGImages/2008_003498.jpg
248	Not horse	motorbike	JPEGImages/2008_003590.jpg
249	Not horse	motorbike	JPEGImages/2008_003590.jpg
250	Not horse	motorbike	JPEGImages/2008_003637.jpg
251	Not horse	motorbike	JPEGImages/2008_003637.jpg
252	Not horse	motorbike	JPEGImages/2008_003769.jpg
253	Not horse	motorbike	JPEGImages/2008_003892.jpg
254	Not horse	motorbike	JPEGImages/2008_003939.jpg
255	Not horse	motorbike	JPEGImages/2008_004036.jpg
256	Not horse	motorbike	JPEGImages/2008_004084.jpg
257	Not horse	motorbike	JPEGImages/2008_004084.jpg
258	Not horse	motorbike	JPEGImages/2008_004084.jpg
259	Not horse	motorbike	JPEGImages/2008_004084.jpg
260	Not horse	motorbike	JPEGImages/2008_004084.jpg
261	Not horse	motorbike	JPEGImages/2008_004288.jpg
262	Not horse	motorbike	JPEGImages/2008_004365.jpg
263	Not horse	motorbike	JPEGImages/2008_004568.jpg
264	Not horse	motorbike	JPEGImages/2008_004611.jpg
265	Not horse	motorbike	JPEGImages/2008_004617.jpg
266	Not horse	motorbike	JPEGImages/2008_004668.jpg
267	Not horse	motorbike	JPEGImages/2008_004703.jpg
268	Not horse	motorbike	JPEGImages/2008_004786.jpg
269	Not horse	motorbike	JPEGImages/2008_004786.jpg
270	Not horse	motorbike	JPEGImages/2008_004786.jpg
271	Not horse	motorbike	JPEGImages/2008_004822.jpg
272	Not horse	motorbike	JPEGImages/2008_004838.jpg
273	Not horse	motorbike	JPEGImages/2008_004903.jpg
274	Not horse	motorbike	JPEGImages/2008_004970.jpg
275	Not horse	motorbike	JPEGImages/2008_005000.jpg
276	Not horse	motorbike	JPEGImages/2008_005033.jpg
277	Not horse	motorbike	JPEGImages/2008_005033.jpg
278	Not horse	motorbike	JPEGImages/2008_005172.jpg
279	Not horse	motorbike	JPEGImages/2008_005213.jpg
280	Not horse	motorbike	JPEGImages/2008_005213.jpg
281	Not horse	motorbike	JPEGImages/2008_005213.jpg
282	Not horse	motorbike	JPEGImages/2008_005213.jpg
283	Not horse	motorbike	JPEGImages/2008_005297.jpg
284	Not horse	motorbike	JPEGImages/2008_005429.jpg
285	Not horse	motorbike	JPEGImages/2008_005429.jpg
286	Not horse	motorbike	JPEGImages/2008_005433.jpg
287	Not horse	motorbike	JPEGImages/2008_005593.jpg
288	Not horse	motorbike	JPEGImages/2008_005603.jpg
289	Not horse	motorbike	JPEGImages/2008_005893.jpg
290	Not horse	motorbike	JPEGImages/2008_005902.jpg
291	Not horse	motorbike	JPEGImages/2008_006152.jpg
292	Not horse	motorbike	JPEGImages/2008_006242.jpg
293	Not horse	motorbike	JPEGImages/2008_006323.jpg
294	Not horse	motorbike	JPEGImages/2008_006345.jpg
295	Not horse	motorbike	JPEGImages/2008_006491.jpg
296	Not horse	motorbike	JPEGImages/2008_006497.jpg
297	Not horse	motorbike	JPEGImages/2008_006549.jpg
298	Not horse	motorbike	JPEGImages/2008_006549.jpg
299	Not horse	motorbike	JPEGImages/2008_006549.jpg
300	Not horse	person	JPEGImages/2008_000008.jpg
301	Not horse	person	JPEGImages/2008_000023.jpg
302	Not horse	person	JPEGImages/2008_000023.jpg
303	Not horse	person	JPEGImages/2008_000023.jpg
304	Not horse	person	JPEGImages/2008_000036.jpg
305	Not horse	person	JPEGImages/2008_000041.jpg
306	Not horse	person	JPEGImages/2008_000041.jpg
307	Not horse	person	JPEGImages/2008_000041.jpg
308	Not horse	person	JPEGImages/2008_000041.jpg
309	Not horse	person	JPEGImages/2008_000041.jpg
310	Not horse	person	JPEGImages/2008_000041.jpg
311	Not horse	person	JPEGImages/2008_000041.jpg
312	Not horse	person	JPEGImages/2008_000096.jpg
313	Not horse	person	JPEGImages/2008_000109.jpg
314	Not horse	person	JPEGImages/2008_000128.jpg
315	Not horse	person	JPEGImages/2008_000128.jpg
316	Not horse	person	JPEGImages/2008_000132.jpg
317	Not horse	person	JPEGImages/2008_000132.jpg
318	Not horse	person	JPEGImages/2008_000141.jpg
319	Not horse	person	JPEGImages/2008_000142.jpg
320	Not horse	person	JPEGImages/2008_000142.jpg
321	Not horse	person	JPEGImages/2008_000143.jpg
322	Not horse	person	JPEGImages/2008_000144.jpg
323	Not horse	person	JPEGImages/2008_000176.jpg
324	Not horse	person	JPEGImages/2008_000185.jpg
325	Not horse	person	JPEGImages/2008_000189.jpg
326	Not horse	person	JPEGImages/2008_000191.jpg
327	Not horse	person	JPEGImages/2008_000191.jpg
328	Not horse	person	JPEGImages/2008_000193.jpg
329	Not horse	person	JPEGImages/2008_000199.jpg
330	Not horse	person	JPEGImages/2008_000202.jpg
331	Not horse	person	JPEGImages/2008_000202.jpg
332	Not horse	person	JPEGImages/2008_000202.jpg
333	Not horse	person	JPEGImages/2008_000202.jpg
334	Not horse	person	JPEGImages/2008_000207.jpg
335	Not horse	person	JPEGImages/2008_000217.jpg
336	Not horse	person	JPEGImages/2008_000217.jpg
337	Not horse	person	JPEGImages/2008_000226.jpg
338	Not horse	person	JPEGImages/2008_000226.jpg
339	Not horse	person	JPEGImages/2008_000226.jpg
340	Not horse	person	JPEGImages/2008_000226.jpg
341	Not horse	person	JPEGImages/2008_000235.jpg
342	Not horse	person	JPEGImages/2008_000236.jpg
343	Not horse	person	JPEGImages/2008_000237.jpg
344	Not horse	person	JPEGImages/2008_000237.jpg
345	Not horse	person	JPEGImages/2008_000252.jpg
346	Not horse	person	JPEGImages/2008_000252.jpg
347	Not horse	person	JPEGImages/2008_000252.jpg
348	Not horse	person	JPEGImages/2008_000255.jpg
349	Not horse	person	JPEGImages/2008_000259.jpg
350	Not horse	person	JPEGImages/2008_000259.jpg
351	Not horse	person	JPEGImages/2008_000259.jpg
352	Not horse	person	JPEGImages/2008_000260.jpg
353	Not horse	person	JPEGImages/2008_000266.jpg
354	Not horse	person	JPEGImages/2008_000266.jpg
355	Not horse	person	JPEGImages/2008_000266.jpg
356	Not horse	person	JPEGImages/2008_000266.jpg
357	Not horse	person	JPEGImages/2008_000266.jpg
358	Not horse	person	JPEGImages/2008_000266.jpg
359	Not horse	person	JPEGImages/2008_000275.jpg
360	Not horse	person	JPEGImages/2008_000275.jpg
361	Not horse	person	JPEGImages/2008_000275.jpg
362	Not horse	person	JPEGImages/2008_000275.jpg
363	Not horse	person	JPEGImages/2008_000275.jpg
364	Not horse	person	JPEGImages/2008_000275.jpg
365	Not horse	person	JPEGImages/2008_000283.jpg
366	Not horse	person	JPEGImages/2008_000283.jpg
367	Not horse	person	JPEGImages/2008_000284.jpg
368	Not horse	person	JPEGImages/2008_000289.jpg
369	Not horse	person	JPEGImages/2008_000290.jpg
370	Not horse	person	JPEGImages/2008_000297.jpg
371	Not horse	person	JPEGImages/2008_000297.jpg
372	Not horse	person	JPEGImages/2008_000311.jpg
373	Not horse	person	JPEGImages/2008_000311.jpg
374	Not horse	person	JPEGImages/2008_000311.jpg
375	Not horse	person	JPEGImages/2008_000311.jpg
376	Not horse	person	JPEGImages/2008_000313.jpg
377	Not horse	person	JPEGImages/2008_000315.jpg
378	Not horse	person	JPEGImages/2008_000315.jpg
379	Not horse	person	JPEGImages/2008_000316.jpg
380	Not horse	person	JPEGImages/2008_000330.jpg
381	Not horse	person	JPEGImages/2008_000338.jpg
382	Not horse	person	JPEGImages/2008_000338.jpg
383	Not horse	person	JPEGImages/2008_000342.jpg
384	Not horse	person	JPEGImages/2008_000343.jpg
385	Not horse	person	JPEGImages/2008_000343.jpg
386	Not horse	person	JPEGImages/2008_000346.jpg
387	Not horse	person	JPEGImages/2008_000364.jpg
388	Not horse	person	JPEGImages/2008_000364.jpg
389	Not horse	person	JPEGImages/2008_000365.jpg
390	Not horse	person	JPEGImages/2008_000371.jpg
391	Not horse	person	JPEGImages/2008_000380.jpg
392	Not horse	person	JPEGImages/2008_000380.jpg
393	Not horse	person	JPEGImages/2008_000380.jpg
394	Not horse	person	JPEGImages/2008_000392.jpg
395	Not horse	person	JPEGImages/2008_000392.jpg
396	Not horse	person	JPEGImages/2008_000392.jpg
397	Not horse	person	JPEGImages/2008_000393.jpg
398	Not horse	person	JPEGImages/2008_000393.jpg
399	Not horse	person	JPEGImages/2008_000393.jpg
400	Not horse	potted plant	JPEGImages/2008_000041.jpg
401	Not horse	potted plant	JPEGImages/2008_000188.jpg
402	Not horse	potted plant	JPEGImages/2008_000196.jpg
403	Not horse	potted plant	JPEGImages/2008_000237.jpg
404	Not horse	potted plant	JPEGImages/2008_000275.jpg
405	Not horse	potted plant	JPEGImages/2008_000275.jpg
406	Not horse	potted plant	JPEGImages/2008_000284.jpg
407	Not horse	potted plant	JPEGImages/2008_000287.jpg
408	Not horse	potted plant	JPEGImages/2008_000287.jpg
409	Not horse	potted plant	JPEGImages/2008_000488.jpg
410	Not horse	potted plant	JPEGImages/2008_000488.jpg
411	Not horse	potted plant	JPEGImages/2008_000491.jpg
412	Not horse	potted plant	JPEGImages/2008_000491.jpg
413	Not horse	potted plant	JPEGImages/2008_000491.jpg
414	Not horse	potted plant	JPEGImages/2008_000790.jpg
415	Not horse	potted plant	JPEGImages/2008_000790.jpg
416	Not horse	potted plant	JPEGImages/2008_000790.jpg
417	Not horse	potted plant	JPEGImages/2008_000790.jpg
418	Not horse	potted plant	JPEGImages/2008_000790.jpg
419	Not horse	potted plant	JPEGImages/2008_000790.jpg
420	Not horse	potted plant	JPEGImages/2008_000790.jpg
421	Not horse	potted plant	JPEGImages/2008_000841.jpg
422	Not horse	potted plant	JPEGImages/2008_000841.jpg
423	Not horse	potted plant	JPEGImages/2008_000923.jpg
424	Not horse	potted plant	JPEGImages/2008_001133.jpg
425	Not horse	potted plant	JPEGImages/2008_001434.jpg
426	Not horse	potted plant	JPEGImages/2008_001460.jpg
427	Not horse	potted plant	JPEGImages/2008_001467.jpg
428	Not horse	potted plant	JPEGImages/2008_001467.jpg
429	Not horse	potted plant	JPEGImages/2008_001541.jpg
430	Not horse	potted plant	JPEGImages/2008_001541.jpg
431	Not horse	potted plant	JPEGImages/2008_001541.jpg
432	Not horse	potted plant	JPEGImages/2008_001541.jpg
433	Not horse	potted plant	JPEGImages/2008_001541.jpg
434	Not horse	potted plant	JPEGImages/2008_001541.jpg
435	Not horse	potted plant	JPEGImages/2008_001694.jpg
436	Not horse	potted plant	JPEGImages/2008_001751.jpg
437	Not horse	potted plant	JPEGImages/2008_001751.jpg
438	Not horse	potted plant	JPEGImages/2008_001781.jpg
439	Not horse	potted plant	JPEGImages/2008_001781.jpg
440	Not horse	potted plant	JPEGImages/2008_001781.jpg
441	Not horse	potted plant	JPEGImages/2008_001781.jpg
442	Not horse	potted plant	JPEGImages/2008_001865.jpg
443	Not horse	potted plant	JPEGImages/2008_001865.jpg
444	Not horse	potted plant	JPEGImages/2008_001865.jpg
445	Not horse	potted plant	JPEGImages/2008_001865.jpg
446	Not horse	potted plant	JPEGImages/2008_001865.jpg
447	Not horse	potted plant	JPEGImages/2008_001865.jpg
448	Not horse	potted plant	JPEGImages/2008_002009.jpg
449	Not horse	potted plant	JPEGImages/2008_002119.jpg
450	Not horse	potted plant	JPEGImages/2008_002307.jpg
451	Not horse	potted plant	JPEGImages/2008_002307.jpg
452	Not horse	potted plant	JPEGImages/2008_002307.jpg
453	Not horse	potted plant	JPEGImages/2008_002307.jpg
454	Not horse	potted plant	JPEGImages/2008_002317.jpg
455	Not horse	potted plant	JPEGImages/2008_002317.jpg
456	Not horse	potted plant	JPEGImages/2008_002317.jpg
457	Not horse	potted plant	JPEGImages/2008_002317.jpg
458	Not horse	potted plant	JPEGImages/2008_002317.jpg
459	Not horse	potted plant	JPEGImages/2008_002317.jpg
460	Not horse	potted plant	JPEGImages/2008_002317.jpg
461	Not horse	potted plant	JPEGImages/2008_002317.jpg
462	Not horse	potted plant	JPEGImages/2008_002317.jpg
463	Not horse	potted plant	JPEGImages/2008_002317.jpg
464	Not horse	potted plant	JPEGImages/2008_002317.jpg
465	Not horse	potted plant	JPEGImages/2008_002317.jpg
466	Not horse	potted plant	JPEGImages/2008_002317.jpg
467	Not horse	potted plant	JPEGImages/2008_002317.jpg
468	Not horse	potted plant	JPEGImages/2008_002317.jpg
469	Not horse	potted plant	JPEGImages/2008_003203.jpg
470	Not horse	potted plant	JPEGImages/2008_003269.jpg
471	Not horse	potted plant	JPEGImages/2008_003434.jpg
472	Not horse	potted plant	JPEGImages/2008_003434.jpg
473	Not horse	potted plant	JPEGImages/2008_003523.jpg
474	Not horse	potted plant	JPEGImages/2008_003523.jpg
475	Not horse	potted plant	JPEGImages/2008_003523.jpg
476	Not horse	potted plant	JPEGImages/2008_003523.jpg
477	Not horse	potted plant	JPEGImages/2008_003523.jpg
478	Not horse	potted plant	JPEGImages/2008_003665.jpg
479	Not horse	potted plant	JPEGImages/2008_003689.jpg
480	Not horse	potted plant	JPEGImages/2008_003726.jpg
481	Not horse	potted plant	JPEGImages/2008_003732.jpg
482	Not horse	potted plant	JPEGImages/2008_003732.jpg
483	Not horse	potted plant	JPEGImages/2008_003815.jpg
484	Not horse	potted plant	JPEGImages/2008_003978.jpg
485	Not horse	potted plant	JPEGImages/2008_003978.jpg
486	Not horse	potted plant	JPEGImages/2008_004092.jpg
487	Not horse	potted plant	JPEGImages/2008_004092.jpg
488	Not horse	potted plant	JPEGImages/2008_004171.jpg
489	Not horse	potted plant	JPEGImages/2008_004280.jpg
490	Not horse	potted plant	JPEGImages/2008_004328.jpg
491	Not horse	potted plant	JPEGImages/2008_004380.jpg
492	Not horse	potted plant	JPEGImages/2008_004428.jpg
493	Not horse	potted plant	JPEGImages/2008_004428.jpg
494	Not horse	potted plant	JPEGImages/2008_004428.jpg
495	Not horse	potted plant	JPEGImages/2008_004428.jpg
496	Not horse	potted plant	JPEGImages/2008_004428.jpg
497	Not horse	potted plant	JPEGImages/2008_004428.jpg
498	Not horse	potted plant	JPEGImages/2008_004428.jpg
499	Not horse	potted plant	JPEGImages/2008_004428.jpg
500	Not horse	sheep	JPEGImages/2008_000099.jpg
501	Not horse	sheep	JPEGImages/2008_000669.jpg
502	Not horse	sheep	JPEGImages/2008_000915.jpg
503	Not horse	sheep	JPEGImages/2008_001601.jpg
504	Not horse	sheep	JPEGImages/2008_001601.jpg
505	Not horse	sheep	JPEGImages/2008_002061.jpg
506	Not horse	sheep	JPEGImages/2008_002150.jpg
507	Not horse	sheep	JPEGImages/2008_002343.jpg
508	Not horse	sheep	JPEGImages/2008_002343.jpg
509	Not horse	sheep	JPEGImages/2008_002343.jpg
510	Not horse	sheep	JPEGImages/2008_003147.jpg
511	Not horse	sheep	JPEGImages/2008_003147.jpg
512	Not horse	sheep	JPEGImages/2008_003147.jpg
513	Not horse	sheep	JPEGImages/2008_004629.jpg
514	Not horse	sheep	JPEGImages/2008_005494.jpg
515	Not horse	sheep	JPEGImages/2008_005505.jpg
516	Not horse	sheep	JPEGImages/2008_005706.jpg
517	Not horse	sheep	JPEGImages/2008_005706.jpg
518	Not horse	sheep	JPEGImages/2008_005706.jpg
519	Not horse	sheep	JPEGImages/2008_005736.jpg
520	Not horse	sheep	JPEGImages/2008_005736.jpg
521	Not horse	sheep	JPEGImages/2008_005736.jpg
522	Not horse	sheep	JPEGImages/2008_005938.jpg
523	Not horse	sheep	JPEGImages/2008_006070.jpg
524	Not horse	sheep	JPEGImages/2008_006070.jpg
525	Not horse	sheep	JPEGImages/2008_006070.jpg
526	Not horse	sheep	JPEGImages/2008_006221.jpg
527	Not horse	sheep	JPEGImages/2008_006221.jpg
528	Not horse	sheep	JPEGImages/2008_006221.jpg
529	Not horse	sheep	JPEGImages/2008_006221.jpg
530	Not horse	sheep	JPEGImages/2008_006221.jpg
531	Not horse	sheep	JPEGImages/2008_006221.jpg
532	Not horse	sheep	JPEGImages/2008_006339.jpg
533	Not horse	sheep	JPEGImages/2008_006339.jpg
534	Not horse	sheep	JPEGImages/2008_006570.jpg
535	Not horse	sheep	JPEGImages/2008_006902.jpg
536	Not horse	sheep	JPEGImages/2008_006902.jpg
537	Not horse	sheep	JPEGImages/2008_006902.jpg
538	Not horse	sheep	JPEGImages/2008_007069.jpg
539	Not horse	sheep	JPEGImages/2008_007069.jpg
540	Not horse	sheep	JPEGImages/2008_007069.jpg
541	Not horse	sheep	JPEGImages/2008_007069.jpg
542	Not horse	sheep	JPEGImages/2008_007069.jpg
543	Not horse	sheep	JPEGImages/2008_007069.jpg
544	Not horse	sheep	JPEGImages/2008_007069.jpg
545	Not horse	sheep	JPEGImages/2008_007069.jpg
546	Not horse	sheep	JPEGImages/2008_007069.jpg
547	Not horse	sheep	JPEGImages/2008_007069.jpg
548	Not horse	sheep	JPEGImages/2008_007069.jpg
549	Not horse	sheep	JPEGImages/2008_007069.jpg
550	Not horse	sheep	JPEGImages/2008_007069.jpg
551	Not horse	sheep	JPEGImages/2008_007069.jpg
552	Not horse	sheep	JPEGImages/2008_007069.jpg
553	Not horse	sheep	JPEGImages/2008_007069.jpg
554	Not horse	sheep	JPEGImages/2008_007069.jpg
555	Not horse	sheep	JPEGImages/2008_007069.jpg
556	Not horse	sheep	JPEGImages/2008_007069.jpg
557	Not horse	sheep	JPEGImages/2008_007069.jpg
558	Not horse	sheep	JPEGImages/2008_007069.jpg
559	Not horse	sheep	JPEGImages/2008_007069.jpg
560	Not horse	sheep	JPEGImages/2008_007069.jpg
561	Not horse	sheep	JPEGImages/2008_007069.jpg
562	Not horse	sheep	JPEGImages/2008_007069.jpg
563	Not horse	sheep	JPEGImages/2008_007069.jpg
564	Not horse	sheep	JPEGImages/2008_007069.jpg
565	Not horse	sheep	JPEGImages/2008_007069.jpg
566	Not horse	sheep	JPEGImages/2008_007069.jpg
567	Not horse	sheep	JPEGImages/2008_007069.jpg
568	Not horse	sheep	JPEGImages/2008_007069.jpg
569	Not horse	sheep	JPEGImages/2008_007069.jpg
570	Not horse	sheep	JPEGImages/2008_007069.jpg
571	Not horse	sheep	JPEGImages/2008_007069.jpg
572	Not horse	sheep	JPEGImages/2008_007069.jpg
573	Not horse	sheep	JPEGImages/2008_007069.jpg
574	Not horse	sheep	JPEGImages/2008_007069.jpg
575	Not horse	sheep	JPEGImages/2008_007069.jpg
576	Not horse	sheep	JPEGImages/2008_007069.jpg
577	Not horse	sheep	JPEGImages/2008_007069.jpg
578	Not horse	sheep	JPEGImages/2008_007069.jpg
579	Not horse	sheep	JPEGImages/2008_007069.jpg
580	Not horse	sheep	JPEGImages/2008_007069.jpg
581	Not horse	sheep	JPEGImages/2008_007069.jpg
582	Not horse	sheep	JPEGImages/2008_007069.jpg
583	Not horse	sheep	JPEGImages/2008_007069.jpg
584	Not horse	sheep	JPEGImages/2008_007069.jpg
585	Not horse	sheep	JPEGImages/2008_007069.jpg
586	Not horse	sheep	JPEGImages/2008_007069.jpg
587	Not horse	sheep	JPEGImages/2008_007069.jpg
588	Not horse	sheep	JPEGImages/2008_007069.jpg
589	Not horse	sheep	JPEGImages/2008_007069.jpg
590	Not horse	sheep	JPEGImages/2008_007069.jpg
591	Not horse	sheep	JPEGImages/2008_007069.jpg
592	Not horse	sheep	JPEGImages/2008_007069.jpg
593	Not horse	sheep	JPEGImages/2008_007069.jpg
594	Not horse	sheep	JPEGImages/2008_007245.jpg
595	Not horse	sheep	JPEGImages/2008_007909.jpg
596	Not horse	sheep	JPEGImages/2008_007985.jpg
597	Not horse	sheep	JPEGImages/2008_007985.jpg
598	Not horse	sheep	JPEGImages/2008_007985.jpg
599	Not horse	sheep	JPEGImages/2008_007985.jpg
600	Not horse	train	JPEGImages/2008_000045.jpg
601	Not horse	train	JPEGImages/2008_000343.jpg
602	Not horse	train	JPEGImages/2008_000470.jpg
603	Not horse	train	JPEGImages/2008_001105.jpg
604	Not horse	train	JPEGImages/2008_001118.jpg
605	Not horse	train	JPEGImages/2008_001164.jpg
606	Not horse	train	JPEGImages/2008_001169.jpg
607	Not horse	train	JPEGImages/2008_001358.jpg
608	Not horse	train	JPEGImages/2008_001710.jpg
609	Not horse	train	JPEGImages/2008_001866.jpg
610	Not horse	train	JPEGImages/2008_001926.jpg
611	Not horse	train	JPEGImages/2008_001956.jpg
612	Not horse	train	JPEGImages/2008_002279.jpg
613	Not horse	train	JPEGImages/2008_002325.jpg
614	Not horse	train	JPEGImages/2008_002344.jpg
615	Not horse	train	JPEGImages/2008_002457.jpg
616	Not horse	train	JPEGImages/2008_002465.jpg
617	Not horse	train	JPEGImages/2008_003025.jpg
618	Not horse	train	JPEGImages/2008_003068.jpg
619	Not horse	train	JPEGImages/2008_003083.jpg
620	Not horse	train	JPEGImages/2008_003414.jpg
621	Not horse	train	JPEGImages/2008_003414.jpg
622	Not horse	train	JPEGImages/2008_003571.jpg
623	Not horse	train	JPEGImages/2008_003578.jpg
624	Not horse	train	JPEGImages/2008_003992.jpg
625	Not horse	train	JPEGImages/2008_004110.jpg
626	Not horse	train	JPEGImages/2008_004235.jpg
627	Not horse	train	JPEGImages/2008_004358.jpg
628	Not horse	train	JPEGImages/2008_004358.jpg
629	Not horse	train	JPEGImages/2008_004547.jpg
630	Not horse	train	JPEGImages/2008_004663.jpg
631	Not horse	train	JPEGImages/2008_004770.jpg
632	Not horse	train	JPEGImages/2008_004869.jpg
633	Not horse	train	JPEGImages/2008_004914.jpg
634	Not horse	train	JPEGImages/2008_004946.jpg
635	Not horse	train	JPEGImages/2008_004946.jpg
636	Not horse	train	JPEGImages/2008_005269.jpg
637	Not horse	train	JPEGImages/2008_005269.jpg
638	Not horse	train	JPEGImages/2008_005269.jpg
639	Not horse	train	JPEGImages/2008_005269.jpg
640	Not horse	train	JPEGImages/2008_005354.jpg
641	Not horse	train	JPEGImages/2008_005389.jpg
642	Not horse	train	JPEGImages/2008_005653.jpg
643	Not horse	train	JPEGImages/2008_005742.jpg
644	Not horse	train	JPEGImages/2008_005742.jpg
645	Not horse	train	JPEGImages/2008_005968.jpg
646	Not horse	train	JPEGImages/2008_006158.jpg
647	Not horse	train	JPEGImages/2008_006158.jpg
648	Not horse	train	JPEGImages/2008_006365.jpg
649	Not horse	train	JPEGImages/2008_006655.jpg
650	Not horse	train	JPEGImages/2008_006818.jpg
651	Not horse	train	JPEGImages/2008_006865.jpg
652	Not horse	train	JPEGImages/2008_006919.jpg
653	Not horse	train	JPEGImages/2008_007011.jpg
654	Not horse	train	JPEGImages/2008_007115.jpg
655	Not horse	train	JPEGImages/2008_007185.jpg
656	Not horse	train	JPEGImages/2008_007201.jpg
657	Not horse	train	JPEGImages/2008_007280.jpg
658	Not horse	train	JPEGImages/2008_007383.jpg
659	Not horse	train	JPEGImages/2008_007648.jpg
660	Not horse	train	JPEGImages/2008_007759.jpg
661	Not horse	train	JPEGImages/2008_007779.jpg
662	Not horse	train	JPEGImages/2008_007829.jpg
663	Not horse	train	JPEGImages/2008_007999.jpg
664	Not horse	train	JPEGImages/2008_008020.jpg
665	Not horse	train	JPEGImages/2008_008074.jpg
666	Not horse	train	JPEGImages/2008_008152.jpg
667	Not horse	train	JPEGImages/2008_008200.jpg
668	Not horse	train	JPEGImages/2008_008223.jpg
669	Not horse	train	JPEGImages/2008_008275.jpg
670	Not horse	train	JPEGImages/2008_008275.jpg
671	Not horse	train	JPEGImages/2008_008321.jpg
672	Not horse	train	JPEGImages/2008_008342.jpg
673	Not horse	train	JPEGImages/2008_008342.jpg
674	Not horse	train	JPEGImages/2008_008364.jpg
675	Not horse	train	JPEGImages/2008_008382.jpg
676	Not horse	train	JPEGImages/2008_008545.jpg
677	Not horse	train	JPEGImages/2008_008583.jpg
678	Not horse	train	JPEGImages/2008_008618.jpg
679	Not horse	train	JPEGImages/2008_008637.jpg
680	Not horse	train	JPEGImages/2008_008641.jpg
681	Not horse	train	JPEGImages/2008_008673.jpg
682	Not horse	train	JPEGImages/2008_008681.jpg
683	Not horse	train	JPEGImages/2008_008696.jpg
684	Not horse	train	JPEGImages/2008_008697.jpg
685	Not horse	train	JPEGImages/2008_008697.jpg
686	Not horse	train	JPEGImages/2008_008735.jpg
687	Not horse	train	JPEGImages/2008_008749.jpg
688	Not horse	train	JPEGImages/2008_008757.jpg
689	Not horse	train	JPEGImages/2008_008770.jpg
690	Not horse	train	JPEGImages/2008_000003.jpg
691	Not horse	train	JPEGImages/2008_000190.jpg
692	Not horse	train	JPEGImages/2008_000373.jpg
693	Not horse	train	JPEGImages/2008_000657.jpg
694	Not horse	train	JPEGImages/2008_000916.jpg
695	Not horse	train	JPEGImages/2008_001114.jpg
696	Not horse	train	JPEGImages/2008_001236.jpg
697	Not horse	train	JPEGImages/2008_001625.jpg
698	Not horse	train	JPEGImages/2008_001850.jpg
699	Not horse	train	JPEGImages/2008_001905.jpg
700	Not horse	tvmonitor	JPEGImages/2008_000023.jpg
701	Not horse	tvmonitor	JPEGImages/2008_000070.jpg
702	Not horse	tvmonitor	JPEGImages/2008_000093.jpg
703	Not horse	tvmonitor	JPEGImages/2008_000202.jpg
704	Not horse	tvmonitor	JPEGImages/2008_000309.jpg
705	Not horse	tvmonitor	JPEGImages/2008_000309.jpg
706	Not horse	tvmonitor	JPEGImages/2008_000348.jpg
707	Not horse	tvmonitor	JPEGImages/2008_000348.jpg
708	Not horse	tvmonitor	JPEGImages/2008_000495.jpg
709	Not horse	tvmonitor	JPEGImages/2008_000578.jpg
710	Not horse	tvmonitor	JPEGImages/2008_001021.jpg
711	Not horse	tvmonitor	JPEGImages/2008_001073.jpg
712	Not horse	tvmonitor	JPEGImages/2008_001130.jpg
713	Not horse	tvmonitor	JPEGImages/2008_001143.jpg
714	Not horse	tvmonitor	JPEGImages/2008_001143.jpg
715	Not horse	tvmonitor	JPEGImages/2008_001461.jpg
716	Not horse	tvmonitor	JPEGImages/2008_001576.jpg
717	Not horse	tvmonitor	JPEGImages/2008_001641.jpg
718	Not horse	tvmonitor	JPEGImages/2008_001704.jpg
719	Not horse	tvmonitor	JPEGImages/2008_001781.jpg
720	Not horse	tvmonitor	JPEGImages/2008_001880.jpg
721	Not horse	tvmonitor	JPEGImages/2008_001888.jpg
722	Not horse	tvmonitor	JPEGImages/2008_001888.jpg
723	Not horse	tvmonitor	JPEGImages/2008_001896.jpg
724	Not horse	tvmonitor	JPEGImages/2008_001997.jpg
725	Not horse	tvmonitor	JPEGImages/2008_001997.jpg
726	Not horse	tvmonitor	JPEGImages/2008_002066.jpg
727	Not horse	tvmonitor	JPEGImages/2008_002119.jpg
728	Not horse	tvmonitor	JPEGImages/2008_002218.jpg
729	Not horse	tvmonitor	JPEGImages/2008_002547.jpg
730	Not horse	tvmonitor	JPEGImages/2008_002638.jpg
731	Not horse	tvmonitor	JPEGImages/2008_002650.jpg
732	Not horse	tvmonitor	JPEGImages/2008_002676.jpg
733	Not horse	tvmonitor	JPEGImages/2008_002776.jpg
734	Not horse	tvmonitor	JPEGImages/2008_002954.jpg
735	Not horse	tvmonitor	JPEGImages/2008_003037.jpg
736	Not horse	tvmonitor	JPEGImages/2008_003200.jpg
737	Not horse	tvmonitor	JPEGImages/2008_003213.jpg
738	Not horse	tvmonitor	JPEGImages/2008_003248.jpg
739	Not horse	tvmonitor	JPEGImages/2008_003248.jpg
740	Not horse	tvmonitor	JPEGImages/2008_003264.jpg
741	Not horse	tvmonitor	JPEGImages/2008_003434.jpg
742	Not horse	tvmonitor	JPEGImages/2008_003435.jpg
743	Not horse	tvmonitor	JPEGImages/2008_003500.jpg
744	Not horse	tvmonitor	JPEGImages/2008_003585.jpg
745	Not horse	tvmonitor	JPEGImages/2008_003589.jpg
746	Not horse	tvmonitor	JPEGImages/2008_003667.jpg
747	Not horse	tvmonitor	JPEGImages/2008_003712.jpg
748	Not horse	tvmonitor	JPEGImages/2008_003712.jpg
749	Not horse	tvmonitor	JPEGImages/2008_003814.jpg
750	Not horse	tvmonitor	JPEGImages/2008_003883.jpg
751	Not horse	tvmonitor	JPEGImages/2008_003995.jpg
752	Not horse	tvmonitor	JPEGImages/2008_004004.jpg
753	Not horse	tvmonitor	JPEGImages/2008_004008.jpg
754	Not horse	tvmonitor	JPEGImages/2008_004097.jpg
755	Not horse	tvmonitor	JPEGImages/2008_004217.jpg
756	Not horse	tvmonitor	JPEGImages/2008_004259.jpg
757	Not horse	tvmonitor	JPEGImages/2008_004301.jpg
758	Not horse	tvmonitor	JPEGImages/2008_004321.jpg
759	Not horse	tvmonitor	JPEGImages/2008_004492.jpg
760	Not horse	tvmonitor	JPEGImages/2008_004506.jpg
761	Not horse	tvmonitor	JPEGImages/2008_004506.jpg
762	Not horse	tvmonitor	JPEGImages/2008_004506.jpg
763	Not horse	tvmonitor	JPEGImages/2008_004506.jpg
764	Not horse	tvmonitor	JPEGImages/2008_004506.jpg
765	Not horse	tvmonitor	JPEGImages/2008_004661.jpg
766	Not horse	tvmonitor	JPEGImages/2008_004719.jpg
767	Not horse	tvmonitor	JPEGImages/2008_004719.jpg
768	Not horse	tvmonitor	JPEGImages/2008_004781.jpg
769	Not horse	tvmonitor	JPEGImages/2008_004807.jpg
770	Not horse	tvmonitor	JPEGImages/2008_004908.jpg
771	Not horse	tvmonitor	JPEGImages/2008_004908.jpg
772	Not horse	tvmonitor	JPEGImages/2008_004908.jpg
773	Not horse	tvmonitor	JPEGImages/2008_004961.jpg
774	Not horse	tvmonitor	JPEGImages/2008_005006.jpg
775	Not horse	tvmonitor	JPEGImages/2008_005064.jpg
776	Not horse	tvmonitor	JPEGImages/2008_005066.jpg
777	Not horse	tvmonitor	JPEGImages/2008_005090.jpg
778	Not horse	tvmonitor	JPEGImages/2008_005094.jpg
779	Not horse	tvmonitor	JPEGImages/2008_005231.jpg
780	Not horse	tvmonitor	JPEGImages/2008_005329.jpg
781	Not horse	tvmonitor	JPEGImages/2008_005342.jpg
782	Not horse	tvmonitor	JPEGImages/2008_005569.jpg
783	Not horse	tvmonitor	JPEGImages/2008_005609.jpg
784	Not horse	tvmonitor	JPEGImages/2008_005625.jpg
785	Not horse	tvmonitor	JPEGImages/2008_005639.jpg
786	Not horse	tvmonitor	JPEGImages/2008_005678.jpg
787	Not horse	tvmonitor	JPEGImages/2008_005817.jpg
788	Not horse	tvmonitor	JPEGImages/2008_005817.jpg
789	Not horse	tvmonitor	JPEGImages/2008_005929.jpg
790	Not horse	tvmonitor	JPEGImages/2008_005954.jpg
791	Not horse	tvmonitor	JPEGImages/2008_005967.jpg
792	Not horse	tvmonitor	JPEGImages/2008_005976.jpg
793	Not horse	tvmonitor	JPEGImages/2008_006062.jpg
794	Not horse	tvmonitor	JPEGImages/2008_006135.jpg
795	Not horse	tvmonitor	JPEGImages/2008_006136.jpg
796	Not horse	tvmonitor	JPEGImages/2008_006136.jpg
797	Not horse	tvmonitor	JPEGImages/2008_006271.jpg
798	Not horse	tvmonitor	JPEGImages/2008_006271.jpg
799	Not horse	tvmonitor	JPEGImages/2008_006271.jpg
800	Not horse	donkey	ayahoo_test_images/donkey_1.jpg
801	Not horse	donkey	ayahoo_test_images/donkey_1.jpg
802	Not horse	donkey	ayahoo_test_images/donkey_100.jpg
803	Not horse	donkey	ayahoo_test_images/donkey_102.jpg
804	Not horse	donkey	ayahoo_test_images/donkey_111.jpg
805	Not horse	donkey	ayahoo_test_images/donkey_113.jpg
806	Not horse	donkey	ayahoo_test_images/donkey_114.jpg
807	Not horse	donkey	ayahoo_test_images/donkey_118.jpg
808	Not horse	donkey	ayahoo_test_images/donkey_119.jpg
809	Not horse	donkey	ayahoo_test_images/donkey_12.jpg
810	Not horse	donkey	ayahoo_test_images/donkey_120.jpg
811	Not horse	donkey	ayahoo_test_images/donkey_125.jpg
812	Not horse	donkey	ayahoo_test_images/donkey_128.jpg
813	Not horse	donkey	ayahoo_test_images/donkey_129.jpg
814	Not horse	donkey	ayahoo_test_images/donkey_13.jpg
815	Not horse	donkey	ayahoo_test_images/donkey_131.jpg
816	Not horse	donkey	ayahoo_test_images/donkey_145.jpg
817	Not horse	donkey	ayahoo_test_images/donkey_146.jpg
818	Not horse	donkey	ayahoo_test_images/donkey_148.jpg
819	Not horse	donkey	ayahoo_test_images/donkey_157.jpg
820	Not horse	donkey	ayahoo_test_images/donkey_163.jpg
821	Not horse	donkey	ayahoo_test_images/donkey_17.jpg
822	Not horse	donkey	ayahoo_test_images/donkey_174.jpg
823	Not horse	donkey	ayahoo_test_images/donkey_175.jpg
824	Not horse	donkey	ayahoo_test_images/donkey_188.jpg
825	Not horse	donkey	ayahoo_test_images/donkey_19.jpg
826	Not horse	donkey	ayahoo_test_images/donkey_191.jpg
827	Not horse	donkey	ayahoo_test_images/donkey_193.jpg
828	Not horse	donkey	ayahoo_test_images/donkey_194.jpg
829	Not horse	donkey	ayahoo_test_images/donkey_201.jpg
830	Not horse	donkey	ayahoo_test_images/donkey_201.jpg
831	Not horse	donkey	ayahoo_test_images/donkey_203.jpg
832	Not horse	donkey	ayahoo_test_images/donkey_203.jpg
833	Not horse	donkey	ayahoo_test_images/donkey_204.jpg
834	Not horse	donkey	ayahoo_test_images/donkey_205.jpg
835	Not horse	donkey	ayahoo_test_images/donkey_207.jpg
836	Not horse	donkey	ayahoo_test_images/donkey_213.jpg
837	Not horse	donkey	ayahoo_test_images/donkey_214.jpg
838	Not horse	donkey	ayahoo_test_images/donkey_217.jpg
839	Not horse	donkey	ayahoo_test_images/donkey_221.jpg
840	Not horse	donkey	ayahoo_test_images/donkey_222.jpg
841	Not horse	donkey	ayahoo_test_images/donkey_224.jpg
842	Not horse	donkey	ayahoo_test_images/donkey_364.jpg
843	Not horse	donkey	ayahoo_test_images/donkey_366.jpg
844	Not horse	donkey	ayahoo_test_images/donkey_379.jpg
845	Not horse	donkey	ayahoo_test_images/donkey_39.jpg
846	Not horse	donkey	ayahoo_test_images/donkey_39.jpg
847	Not horse	donkey	ayahoo_test_images/donkey_391.jpg
848	Not horse	donkey	ayahoo_test_images/donkey_392.jpg
849	Not horse	donkey	ayahoo_test_images/donkey_397.jpg
850	Not horse	donkey	ayahoo_test_images/donkey_412.jpg
851	Not horse	donkey	ayahoo_test_images/donkey_42.jpg
852	Not horse	donkey	ayahoo_test_images/donkey_422.jpg
853	Not horse	donkey	ayahoo_test_images/donkey_432.jpg
854	Not horse	donkey	ayahoo_test_images/donkey_440.jpg
855	Not horse	donkey	ayahoo_test_images/donkey_442.jpg
856	Not horse	donkey	ayahoo_test_images/donkey_443.jpg
857	Not horse	donkey	ayahoo_test_images/donkey_45.jpg
858	Not horse	donkey	ayahoo_test_images/donkey_46.jpg
859	Not horse	donkey	ayahoo_test_images/donkey_463.jpg
860	Not horse	donkey	ayahoo_test_images/donkey_464.jpg
861	Not horse	donkey	ayahoo_test_images/donkey_468.jpg
862	Not horse	donkey	ayahoo_test_images/donkey_47.jpg
863	Not horse	donkey	ayahoo_test_images/donkey_47.jpg
864	Not horse	donkey	ayahoo_test_images/donkey_474.jpg
865	Not horse	donkey	ayahoo_test_images/donkey_477.jpg
866	Not horse	donkey	ayahoo_test_images/donkey_477.jpg
867	Not horse	donkey	ayahoo_test_images/donkey_482.jpg
868	Not horse	donkey	ayahoo_test_images/donkey_490.jpg
869	Not horse	donkey	ayahoo_test_images/donkey_490.jpg
870	Not horse	donkey	ayahoo_test_images/donkey_492.jpg
871	Not horse	donkey	ayahoo_test_images/donkey_509.jpg
872	Not horse	donkey	ayahoo_test_images/donkey_527.jpg
873	Not horse	donkey	ayahoo_test_images/donkey_536.jpg
874	Not horse	donkey	ayahoo_test_images/donkey_541.jpg
875	Not horse	donkey	ayahoo_test_images/donkey_560.jpg
876	Not horse	donkey	ayahoo_test_images/donkey_564.jpg
877	Not horse	donkey	ayahoo_test_images/donkey_567.jpg
878	Not horse	donkey	ayahoo_test_images/donkey_57.jpg
879	Not horse	donkey	ayahoo_test_images/donkey_573.jpg
880	Not horse	donkey	ayahoo_test_images/donkey_577.jpg
881	Not horse	donkey	ayahoo_test_images/donkey_577.jpg
882	Not horse	donkey	ayahoo_test_images/donkey_598.jpg
883	Not horse	donkey	ayahoo_test_images/donkey_599.jpg
884	Not horse	donkey	ayahoo_test_images/donkey_60.jpg
885	Not horse	donkey	ayahoo_test_images/donkey_600.jpg
886	Not horse	donkey	ayahoo_test_images/donkey_605.jpg
887	Not horse	donkey	ayahoo_test_images/donkey_611.jpg
888	Not horse	donkey	ayahoo_test_images/donkey_612.jpg
889	Not horse	donkey	ayahoo_test_images/donkey_613.jpg
890	Not horse	donkey	ayahoo_test_images/donkey_62.jpg
891	Not horse	donkey	ayahoo_test_images/donkey_621.jpg
892	Not horse	donkey	ayahoo_test_images/donkey_622.jpg
893	Not horse	donkey	ayahoo_test_images/donkey_632.jpg
894	Not horse	donkey	ayahoo_test_images/donkey_64.jpg
895	Not horse	donkey	ayahoo_test_images/donkey_650.jpg
896	Not horse	donkey	ayahoo_test_images/donkey_651.jpg
897	Not horse	donkey	ayahoo_test_images/donkey_653.jpg
898	Not horse	donkey	ayahoo_test_images/donkey_654.jpg
899	Not horse	donkey	ayahoo_test_images/donkey_665.jpg
900	Not horse	goat	ayahoo_test_images/goat_12.jpg
901	Not horse	goat	ayahoo_test_images/goat_121.jpg
902	Not horse	goat	ayahoo_test_images/goat_124.jpg
903	Not horse	goat	ayahoo_test_images/goat_127.jpg
904	Not horse	goat	ayahoo_test_images/goat_128.jpg
905	Not horse	goat	ayahoo_test_images/goat_13.jpg
906	Not horse	goat	ayahoo_test_images/goat_130.jpg
907	Not horse	goat	ayahoo_test_images/goat_134.jpg
908	Not horse	goat	ayahoo_test_images/goat_135.jpg
909	Not horse	goat	ayahoo_test_images/goat_145.jpg
910	Not horse	goat	ayahoo_test_images/goat_152.jpg
911	Not horse	goat	ayahoo_test_images/goat_160.jpg
912	Not horse	goat	ayahoo_test_images/goat_161.jpg
913	Not horse	goat	ayahoo_test_images/goat_163.jpg
914	Not horse	goat	ayahoo_test_images/goat_167.jpg
915	Not horse	goat	ayahoo_test_images/goat_168.jpg
916	Not horse	goat	ayahoo_test_images/goat_168.jpg
917	Not horse	goat	ayahoo_test_images/goat_168.jpg
918	Not horse	goat	ayahoo_test_images/goat_169.jpg
919	Not horse	goat	ayahoo_test_images/goat_172.jpg
920	Not horse	goat	ayahoo_test_images/goat_176.jpg
921	Not horse	goat	ayahoo_test_images/goat_178.jpg
922	Not horse	goat	ayahoo_test_images/goat_179.jpg
923	Not horse	goat	ayahoo_test_images/goat_192.jpg
924	Not horse	goat	ayahoo_test_images/goat_193.jpg
925	Not horse	goat	ayahoo_test_images/goat_195.jpg
926	Not horse	goat	ayahoo_test_images/goat_20.jpg
927	Not horse	goat	ayahoo_test_images/goat_207.jpg
928	Not horse	goat	ayahoo_test_images/goat_21.jpg
929	Not horse	goat	ayahoo_test_images/goat_212.jpg
930	Not horse	goat	ayahoo_test_images/goat_221.jpg
931	Not horse	goat	ayahoo_test_images/goat_234.jpg
932	Not horse	goat	ayahoo_test_images/goat_240.jpg
933	Not horse	goat	ayahoo_test_images/goat_247.jpg
934	Not horse	goat	ayahoo_test_images/goat_259.jpg
935	Not horse	goat	ayahoo_test_images/goat_26.jpg
936	Not horse	goat	ayahoo_test_images/goat_266.jpg
937	Not horse	goat	ayahoo_test_images/goat_267.jpg
938	Not horse	goat	ayahoo_test_images/goat_275.jpg
939	Not horse	goat	ayahoo_test_images/goat_277.jpg
940	Not horse	goat	ayahoo_test_images/goat_279.jpg
941	Not horse	goat	ayahoo_test_images/goat_28.jpg
942	Not horse	goat	ayahoo_test_images/goat_28.jpg
943	Not horse	goat	ayahoo_test_images/goat_283.jpg
944	Not horse	goat	ayahoo_test_images/goat_291.jpg
945	Not horse	goat	ayahoo_test_images/goat_293.jpg
946	Not horse	goat	ayahoo_test_images/goat_294.jpg
947	Not horse	goat	ayahoo_test_images/goat_295.jpg
948	Not horse	goat	ayahoo_test_images/goat_306.jpg
949	Not horse	goat	ayahoo_test_images/goat_310.jpg
950	Not horse	goat	ayahoo_test_images/goat_311.jpg
951	Not horse	goat	ayahoo_test_images/goat_312.jpg
952	Not horse	goat	ayahoo_test_images/goat_313.jpg
953	Not horse	goat	ayahoo_test_images/goat_314.jpg
954	Not horse	goat	ayahoo_test_images/goat_316.jpg
955	Not horse	goat	ayahoo_test_images/goat_318.jpg
956	Not horse	goat	ayahoo_test_images/goat_320.jpg
957	Not horse	goat	ayahoo_test_images/goat_321.jpg
958	Not horse	goat	ayahoo_test_images/goat_322.jpg
959	Not horse	goat	ayahoo_test_images/goat_323.jpg
960	Not horse	goat	ayahoo_test_images/goat_327.jpg
961	Not horse	goat	ayahoo_test_images/goat_330.jpg
962	Not horse	goat	ayahoo_test_images/goat_331.jpg
963	Not horse	goat	ayahoo_test_images/goat_335.jpg
964	Not horse	goat	ayahoo_test_images/goat_337.jpg
965	Not horse	goat	ayahoo_test_images/goat_351.jpg
966	Not horse	goat	ayahoo_test_images/goat_356.jpg
967	Not horse	goat	ayahoo_test_images/goat_357.jpg
968	Not horse	goat	ayahoo_test_images/goat_361.jpg
969	Not horse	goat	ayahoo_test_images/goat_371.jpg
970	Not horse	goat	ayahoo_test_images/goat_374.jpg
971	Not horse	goat	ayahoo_test_images/goat_377.jpg
972	Not horse	goat	ayahoo_test_images/goat_378.jpg
973	Not horse	goat	ayahoo_test_images/goat_380.jpg
974	Not horse	goat	ayahoo_test_images/goat_382.jpg
975	Not horse	goat	ayahoo_test_images/goat_383.jpg
976	Not horse	goat	ayahoo_test_images/goat_384.jpg
977	Not horse	goat	ayahoo_test_images/goat_396.jpg
978	Not horse	goat	ayahoo_test_images/goat_462.jpg
979	Not horse	goat	ayahoo_test_images/goat_463.jpg
980	Not horse	goat	ayahoo_test_images/goat_470.jpg
981	Not horse	goat	ayahoo_test_images/goat_470.jpg
982	Not horse	goat	ayahoo_test_images/goat_473.jpg
983	Not horse	goat	ayahoo_test_images/goat_475.jpg
984	Not horse	goat	ayahoo_test_images/goat_475.jpg
985	Not horse	goat	ayahoo_test_images/goat_480.jpg
986	Not horse	goat	ayahoo_test_images/goat_485.jpg
987	Not horse	goat	ayahoo_test_images/goat_487.jpg
988	Not horse	goat	ayahoo_test_images/goat_488.jpg
989	Not horse	goat	ayahoo_test_images/goat_489.jpg
990	Not horse	goat	ayahoo_test_images/goat_490.jpg
991	Not horse	goat	ayahoo_test_images/goat_494.jpg
992	Not horse	goat	ayahoo_test_images/goat_502.jpg
993	Not horse	goat	ayahoo_test_images/goat_503.jpg
994	Not horse	goat	ayahoo_test_images/goat_505.jpg
995	Not horse	goat	ayahoo_test_images/goat_51.jpg
996	Not horse	goat	ayahoo_test_images/goat_510.jpg
997	Not horse	goat	ayahoo_test_images/goat_515.jpg
998	Not horse	goat	ayahoo_test_images/goat_515.jpg
999	Not horse	goat	ayahoo_test_images/goat_515.jpg
1000	Not horse	jetski	ayahoo_test_images/jetski_10.jpg
1001	Not horse	jetski	ayahoo_test_images/jetski_100.jpg
1002	Not horse	jetski	ayahoo_test_images/jetski_102.jpg
1003	Not horse	jetski	ayahoo_test_images/jetski_105.jpg
1004	Not horse	jetski	ayahoo_test_images/jetski_105.jpg
1005	Not horse	jetski	ayahoo_test_images/jetski_106.jpg
1006	Not horse	jetski	ayahoo_test_images/jetski_108.jpg
1007	Not horse	jetski	ayahoo_test_images/jetski_109.jpg
1008	Not horse	jetski	ayahoo_test_images/jetski_11.jpg
1009	Not horse	jetski	ayahoo_test_images/jetski_110.jpg
1010	Not horse	jetski	ayahoo_test_images/jetski_111.jpg
1011	Not horse	jetski	ayahoo_test_images/jetski_113.jpg
1012	Not horse	jetski	ayahoo_test_images/jetski_115.jpg
1013	Not horse	jetski	ayahoo_test_images/jetski_116.jpg
1014	Not horse	jetski	ayahoo_test_images/jetski_118.jpg
1015	Not horse	jetski	ayahoo_test_images/jetski_12.jpg
1016	Not horse	jetski	ayahoo_test_images/jetski_120.jpg
1017	Not horse	jetski	ayahoo_test_images/jetski_121.jpg
1018	Not horse	jetski	ayahoo_test_images/jetski_122.jpg
1019	Not horse	jetski	ayahoo_test_images/jetski_123.jpg
1020	Not horse	jetski	ayahoo_test_images/jetski_124.jpg
1021	Not horse	jetski	ayahoo_test_images/jetski_125.jpg
1022	Not horse	jetski	ayahoo_test_images/jetski_125.jpg
1023	Not horse	jetski	ayahoo_test_images/jetski_126.jpg
1024	Not horse	jetski	ayahoo_test_images/jetski_127.jpg
1025	Not horse	jetski	ayahoo_test_images/jetski_132.jpg
1026	Not horse	jetski	ayahoo_test_images/jetski_133.jpg
1027	Not horse	jetski	ayahoo_test_images/jetski_135.jpg
1028	Not horse	jetski	ayahoo_test_images/jetski_136.jpg
1029	Not horse	jetski	ayahoo_test_images/jetski_137.jpg
1030	Not horse	jetski	ayahoo_test_images/jetski_139.jpg
1031	Not horse	jetski	ayahoo_test_images/jetski_14.jpg
1032	Not horse	jetski	ayahoo_test_images/jetski_140.jpg
1033	Not horse	jetski	ayahoo_test_images/jetski_141.jpg
1034	Not horse	jetski	ayahoo_test_images/jetski_142.jpg
1035	Not horse	jetski	ayahoo_test_images/jetski_143.jpg
1036	Not horse	jetski	ayahoo_test_images/jetski_144.jpg
1037	Not horse	jetski	ayahoo_test_images/jetski_146.jpg
1038	Not horse	jetski	ayahoo_test_images/jetski_147.jpg
1039	Not horse	jetski	ayahoo_test_images/jetski_149.jpg
1040	Not horse	jetski	ayahoo_test_images/jetski_15.jpg
1041	Not horse	jetski	ayahoo_test_images/jetski_15.jpg
1042	Not horse	jetski	ayahoo_test_images/jetski_15.jpg
1043	Not horse	jetski	ayahoo_test_images/jetski_151.jpg
1044	Not horse	jetski	ayahoo_test_images/jetski_152.jpg
1045	Not horse	jetski	ayahoo_test_images/jetski_153.jpg
1046	Not horse	jetski	ayahoo_test_images/jetski_157.jpg
1047	Not horse	jetski	ayahoo_test_images/jetski_158.jpg
1048	Not horse	jetski	ayahoo_test_images/jetski_16.jpg
1049	Not horse	jetski	ayahoo_test_images/jetski_160.jpg
1050	Not horse	jetski	ayahoo_test_images/jetski_161.jpg
1051	Not horse	jetski	ayahoo_test_images/jetski_162.jpg
1052	Not horse	jetski	ayahoo_test_images/jetski_164.jpg
1053	Not horse	jetski	ayahoo_test_images/jetski_165.jpg
1054	Not horse	jetski	ayahoo_test_images/jetski_168.jpg
1055	Not horse	jetski	ayahoo_test_images/jetski_169.jpg
1056	Not horse	jetski	ayahoo_test_images/jetski_188.jpg
1057	Not horse	jetski	ayahoo_test_images/jetski_190.jpg
1058	Not horse	jetski	ayahoo_test_images/jetski_192.jpg
1059	Not horse	jetski	ayahoo_test_images/jetski_193.jpg
1060	Not horse	jetski	ayahoo_test_images/jetski_195.jpg
1061	Not horse	jetski	ayahoo_test_images/jetski_196.jpg
1062	Not horse	jetski	ayahoo_test_images/jetski_197.jpg
1063	Not horse	jetski	ayahoo_test_images/jetski_197.jpg
1064	Not horse	jetski	ayahoo_test_images/jetski_2.jpg
1065	Not horse	jetski	ayahoo_test_images/jetski_2.jpg
1066	Not horse	jetski	ayahoo_test_images/jetski_20.jpg
1067	Not horse	jetski	ayahoo_test_images/jetski_200.jpg
1068	Not horse	jetski	ayahoo_test_images/jetski_201.jpg
1069	Not horse	jetski	ayahoo_test_images/jetski_202.jpg
1070	Not horse	jetski	ayahoo_test_images/jetski_205.jpg
1071	Not horse	jetski	ayahoo_test_images/jetski_206.jpg
1072	Not horse	jetski	ayahoo_test_images/jetski_21.jpg
1073	Not horse	jetski	ayahoo_test_images/jetski_211.jpg
1074	Not horse	jetski	ayahoo_test_images/jetski_213.jpg
1075	Not horse	jetski	ayahoo_test_images/jetski_217.jpg
1076	Not horse	jetski	ayahoo_test_images/jetski_22.jpg
1077	Not horse	jetski	ayahoo_test_images/jetski_220.jpg
1078	Not horse	jetski	ayahoo_test_images/jetski_221.jpg
1079	Not horse	jetski	ayahoo_test_images/jetski_228.jpg
1080	Not horse	jetski	ayahoo_test_images/jetski_229.jpg
1081	Not horse	jetski	ayahoo_test_images/jetski_23.jpg
1082	Not horse	jetski	ayahoo_test_images/jetski_233.jpg
1083	Not horse	jetski	ayahoo_test_images/jetski_24.jpg
1084	Not horse	jetski	ayahoo_test_images/jetski_240.jpg
1085	Not horse	jetski	ayahoo_test_images/jetski_243.jpg
1086	Not horse	jetski	ayahoo_test_images/jetski_243.jpg
1087	Not horse	jetski	ayahoo_test_images/jetski_244.jpg
1088	Not horse	jetski	ayahoo_test_images/jetski_245.jpg
1089	Not horse	jetski	ayahoo_test_images/jetski_248.jpg
1090	Not horse	jetski	ayahoo_test_images/jetski_249.jpg
1091	Not horse	jetski	ayahoo_test_images/jetski_249.jpg
1092	Not horse	jetski	ayahoo_test_images/jetski_255.jpg
1093	Not horse	jetski	ayahoo_test_images/jetski_257.jpg
1094	Not horse	jetski	ayahoo_test_images/jetski_259.jpg
1095	Not horse	jetski	ayahoo_test_images/jetski_262.jpg
1096	Not horse	jetski	ayahoo_test_images/jetski_27.jpg
1097	Not horse	jetski	ayahoo_test_images/jetski_272.jpg
1098	Not horse	jetski	ayahoo_test_images/jetski_274.jpg
1099	Not horse	jetski	ayahoo_test_images/jetski_275.jpg
1100	Not horse	statue	ayahoo_test_images/statue_100.jpg
1101	Not horse	statue	ayahoo_test_images/statue_102.jpg
1102	Not horse	statue	ayahoo_test_images/statue_103.jpg
1103	Not horse	statue	ayahoo_test_images/statue_104.jpg
1104	Not horse	statue	ayahoo_test_images/statue_105.jpg
1105	Not horse	statue	ayahoo_test_images/statue_106.jpg
1106	Not horse	statue	ayahoo_test_images/statue_112.jpg
1107	Not horse	statue	ayahoo_test_images/statue_113.jpg
1108	Not horse	statue	ayahoo_test_images/statue_115.jpg
1109	Not horse	statue	ayahoo_test_images/statue_116.jpg
1110	Not horse	statue	ayahoo_test_images/statue_117.jpg
1111	Not horse	statue	ayahoo_test_images/statue_118.jpg
1112	Not horse	statue	ayahoo_test_images/statue_119.jpg
1113	Not horse	statue	ayahoo_test_images/statue_12.jpg
1114	Not horse	statue	ayahoo_test_images/statue_121.jpg
1115	Not horse	statue	ayahoo_test_images/statue_122.jpg
1116	Not horse	statue	ayahoo_test_images/statue_123.jpg
1117	Not horse	statue	ayahoo_test_images/statue_124.jpg
1118	Not horse	statue	ayahoo_test_images/statue_13.jpg
1119	Not horse	statue	ayahoo_test_images/statue_131.jpg
1120	Not horse	statue	ayahoo_test_images/statue_132.jpg
1121	Not horse	statue	ayahoo_test_images/statue_193.jpg
1122	Not horse	statue	ayahoo_test_images/statue_197.jpg
1123	Not horse	statue	ayahoo_test_images/statue_2.jpg
1124	Not horse	statue	ayahoo_test_images/statue_20.jpg
1125	Not horse	statue	ayahoo_test_images/statue_200.jpg
1126	Not horse	statue	ayahoo_test_images/statue_201.jpg
1127	Not horse	statue	ayahoo_test_images/statue_203.jpg
1128	Not horse	statue	ayahoo_test_images/statue_209.jpg
1129	Not horse	statue	ayahoo_test_images/statue_211.jpg
1130	Not horse	statue	ayahoo_test_images/statue_213.jpg
1131	Not horse	statue	ayahoo_test_images/statue_216.jpg
1132	Not horse	statue	ayahoo_test_images/statue_218.jpg
1133	Not horse	statue	ayahoo_test_images/statue_22.jpg
1134	Not horse	statue	ayahoo_test_images/statue_22.jpg
1135	Not horse	statue	ayahoo_test_images/statue_223.jpg
1136	Not horse	statue	ayahoo_test_images/statue_225.jpg
1137	Not horse	statue	ayahoo_test_images/statue_227.jpg
1138	Not horse	statue	ayahoo_test_images/statue_23.jpg
1139	Not horse	statue	ayahoo_test_images/statue_231.jpg
1140	Not horse	statue	ayahoo_test_images/statue_235.jpg
1141	Not horse	statue	ayahoo_test_images/statue_235.jpg
1142	Not horse	statue	ayahoo_test_images/statue_237.jpg
1143	Not horse	statue	ayahoo_test_images/statue_239.jpg
1144	Not horse	statue	ayahoo_test_images/statue_242.jpg
1145	Not horse	statue	ayahoo_test_images/statue_242.jpg
1146	Not horse	statue	ayahoo_test_images/statue_248.jpg
1147	Not horse	statue	ayahoo_test_images/statue_251.jpg
1148	Not horse	statue	ayahoo_test_images/statue_260.jpg
1149	Not horse	statue	ayahoo_test_images/statue_261.jpg
1150	Not horse	statue	ayahoo_test_images/statue_262.jpg
1151	Not horse	statue	ayahoo_test_images/statue_266.jpg
1152	Not horse	statue	ayahoo_test_images/statue_270.jpg
1153	Not horse	statue	ayahoo_test_images/statue_271.jpg
1154	Not horse	statue	ayahoo_test_images/statue_274.jpg
1155	Not horse	statue	ayahoo_test_images/statue_275.jpg
1156	Not horse	statue	ayahoo_test_images/statue_277.jpg
1157	Not horse	statue	ayahoo_test_images/statue_278.jpg
1158	Not horse	statue	ayahoo_test_images/statue_280.jpg
1159	Not horse	statue	ayahoo_test_images/statue_281.jpg
1160	Not horse	statue	ayahoo_test_images/statue_282.jpg
1161	Not horse	statue	ayahoo_test_images/statue_286.jpg
1162	Not horse	statue	ayahoo_test_images/statue_287.jpg
1163	Not horse	statue	ayahoo_test_images/statue_293.jpg
1164	Not horse	statue	ayahoo_test_images/statue_299.jpg
1165	Not horse	statue	ayahoo_test_images/statue_30.jpg
1166	Not horse	statue	ayahoo_test_images/statue_304.jpg
1167	Not horse	statue	ayahoo_test_images/statue_305.jpg
1168	Not horse	statue	ayahoo_test_images/statue_307.jpg
1169	Not horse	statue	ayahoo_test_images/statue_309.jpg
1170	Not horse	statue	ayahoo_test_images/statue_31.jpg
1171	Not horse	statue	ayahoo_test_images/statue_310.jpg
1172	Not horse	statue	ayahoo_test_images/statue_312.jpg
1173	Not horse	statue	ayahoo_test_images/statue_317.jpg
1174	Not horse	statue	ayahoo_test_images/statue_32.jpg
1175	Not horse	statue	ayahoo_test_images/statue_320.jpg
1176	Not horse	statue	ayahoo_test_images/statue_322.jpg
1177	Not horse	statue	ayahoo_test_images/statue_324.jpg
1178	Not horse	statue	ayahoo_test_images/statue_329.jpg
1179	Not horse	statue	ayahoo_test_images/statue_330.jpg
1180	Not horse	statue	ayahoo_test_images/statue_335.jpg
1181	Not horse	statue	ayahoo_test_images/statue_336.jpg
1182	Not horse	statue	ayahoo_test_images/statue_338.jpg
1183	Not horse	statue	ayahoo_test_images/statue_34.jpg
1184	Not horse	statue	ayahoo_test_images/statue_341.jpg
1185	Not horse	statue	ayahoo_test_images/statue_353.jpg
1186	Not horse	statue	ayahoo_test_images/statue_355.jpg
1187	Not horse	statue	ayahoo_test_images/statue_365.jpg
1188	Not horse	statue	ayahoo_test_images/statue_367.jpg
1189	Not horse	statue	ayahoo_test_images/statue_375.jpg
1190	Not horse	statue	ayahoo_test_images/statue_376.jpg
1191	Not horse	statue	ayahoo_test_images/statue_38.jpg
1192	Not horse	statue	ayahoo_test_images/statue_382.jpg
1193	Not horse	statue	ayahoo_test_images/statue_383.jpg
1194	Not horse	statue	ayahoo_test_images/statue_384.jpg
1195	Not horse	statue	ayahoo_test_images/statue_384.jpg
1196	Not horse	statue	ayahoo_test_images/statue_386.jpg
1197	Not horse	statue	ayahoo_test_images/statue_39.jpg
1198	Not horse	statue	ayahoo_test_images/statue_390.jpg
1199	Not horse	statue	ayahoo_test_images/statue_40.jpg
